{
  "Coin-Afrique": {
    "count": 34,
    "avg": 66358823.52941176,
    "median": 37500000.0,
    "stdev": 89139550.51064955,
    "min": 4000000.0,
    "max": 450000000.0,
    "percentiles": {
      "10": 5150000.0,
      "25": 15750000.0,
      "50": 37500000.0,
      "75": 67500000.0,
      "90": 164999999.99999994
    },
    "histogram": [
      [
        4000000.0,
        48600000.0,
        20
      ],
      [
        48600000.0,
        93200000.0,
        6
      ],
      [
        93200000.0,
        137800000.0,
        4
      ],
      [
        137800000.0,
        182400000.0,
        1
      ],
      [
        182400000.0,
        227000000.0,
        1
      ],
      [
        227000000.0,
        271600000.0,
        1
      ],
      [
        271600000.0,
        316200000.0,
        0
      ],
      [
        316200000.0,
        360800000.0,
        0
      ],
      [
        360800000.0,
        405400000.0,
        0
      ],
      [
        405400000.0,
        450000000.0,
        1
      ]
    ]
  },
  "igoe-immobilier": {
    "count": 0,
    "avg": null,
    "median": null,
    "stdev": null,
    "min": null,
    "max": null,
    "percentiles": {
      "10": null,
      "25": null,
      "50": null,
      "75": null,
      "90": null
    },
    "histogram": []
  },
  "intendance-tg": {
    "count": 0,
    "avg": null,
    "median": null,
    "stdev": null,
    "min": null,
    "max": null,
    "percentiles": {
      "10": null,
      "25": null,
      "50": null,
      "75": null,
      "90": null
    },
    "histogram": []
  },
  "generic": {
    "count": 34,
    "avg": 66358823.52941176,
    "median": 37500000.0,
    "stdev": 89139550.51064955,
    "min": 4000000.0,
    "max": 450000000.0,
    "percentiles": {
      "10": 5150000.0,
      "25": 15750000.0,
      "50": 37500000.0,
      "75": 67500000.0,
      "90": 164999999.99999994
    },
    "histogram": [
      [
        4000000.0,
        48600000.0,
        20
      ],
      [
        48600000.0,
        93200000.0,
        6
      ],
      [
        93200000.0,
        137800000.0,
        4
      ],
      [
        137800000.0,
        182400000.0,
        1
      ],
      [
        182400000.0,
        227000000.0,
        1
      ],
      [
        227000000.0,
        271600000.0,
        1
      ],
      [
        271600000.0,
        316200000.0,
        0
      ],
      [
        316200000.0,
        360800000.0,
        0
      ],
      [
        360800000.0,
        405400000.0,
        0
      ],
      [
        405400000.0,
        450000000.0,
        1
      ]
    ]
  }
}